1,Beskin,BESKIN MO
1,Beskin,BESKIN 30s BANDED
1,Beskin,BESKIN ( BEST)
1,Beskin,BESKIN BANDED
1,Beskin,BESKIN 30'S / DUS
2,Chew E 10's,Chew E 10 S
2,Chew E 10's,CHEW-E/DUS/10'S
2,Chew E 10's,CHEW-E DUS/10'S
3,Chew E 30's,CHEW - E 30S
4,Dynamic C 250 mg,DYNAMIC C 250 MG
4,Dynamic C 250 mg,DYNAMIC C 250 MG - MO
5,Dynamic C 500 MG,DYNAMIC C 500 MG
5,Dynamic C 500 MG,DYNAMIC C 500 MG - MO
6,Estro Tab,NEW ESTRO TABLET
6,Estro Tab,ESTRO TAB TWIN PACK
6,Estro Tab,ESTRO TABLET
6,Estro Tab,ESTRO
7,EXTRIM,Extrim
7,EXTRIM,EXTRIM BANDED
7,EXTRIM,EXTRIM TABLET
8,GLOMEGA 30'S,GLOMEGA 30 S LIFEPHARM
8,GLOMEGA 30'S,GLOMEGA LIFEPHARM 30S
8,GLOMEGA 30'S,Glomega Lifepharm
8,GLOMEGA 30'S,GLOMEGA
8,GLOMEGA 30'S,MVT GLOMEGA 30`S
8,GLOMEGA 30'S,GLUMEGA NEW ISI 30
8,GLOMEGA 30'S,GLUMEGA 30'S / BTL
9,GLOMEGA 60'S,GLOMEGA 60 S LIFEPHARM
9,GLOMEGA 60'S,GLOMEGA LIFEPHARM 60S
9,GLOMEGA 60'S,Glomega Lifepharm
9,GLOMEGA 60'S,GLOMEGA LIFEPHARM 60'S
10,Intenz 30's,INTENZ 30 S
10,Intenz 30's,INTENZ 30`S
11,Intenz 60's,INTENZ 60 S
11,Intenz 60's,INTENZ 60`S
11,Intenz 60's,INTENZ 60`S BANDED
12,MultiKids 15's,Multikids 15 s Reguler
12,MultiKids 15's,MULTIKIDS '15/ DUS
13,MultiKids 30's,Multikids 30 s Reguler
13,MultiKids 30's,MULTIKIDS / BTL /30'S
14,SlimTrim,Slim Trim
15,B-Complex Plus,B COMPLEX
15,B-Complex Plus,Enervita B Complex Plus
15,B-Complex Plus,Enervita - B Complex Plus
15,B-Complex Plus,B-COMPLEX PLUS/DUS/30'
15,B-Complex Plus,B-COMPLEX PLUS NEW 30'S
15,B-Complex Plus,B - COMPLEX PLUS 30'S / BTL
